"cell_id","cell_type"
"W31105","Multipotent progenitors"
"W31106","Monocytes"
"W31107","Erythrocyte"
"W31108","Monocytes"
"W31109","Erythrocyte"
"W31110","Monocytes"
"W31111","Erythrocyte"
"W31113","Erythrocyte"
"W31114","Erythrocyte"
"W31115","Erythrocyte"
"W31116","Erythrocyte"
"W31117","Neutrophils"
"W31118","Monocytes"
"W31119","Basophils"
"W31120","Erythrocyte"
"W31121","Multipotent progenitors"
"W31122","Erythrocyte"
"W31123","Erythrocyte"
"W31124","Erythrocyte"
"W31125","Megakaryocytes"
"W31126","Erythrocyte"
"W31127","GMP"
"W31128","Megakaryocytes"
"W31129","GMP"
"W31130","Monocytes"
"W31131","Neutrophils"
"W31132","Erythrocyte"
"W31133","Basophils"
"W31134","Neutrophils"
"W31136","Erythrocyte"
"W31137","Erythrocyte"
"W31138","Erythrocyte"
"W31139","Erythrocyte"
"W31140","Erythrocyte"
"W31141","Basophils"
"W31142","Erythrocyte"
"W31143","Erythrocyte"
"W31144","Erythrocyte"
"W31145","Monocytes"
"W31146","Erythrocyte"
"W31147","Erythrocyte"
"W31148","Monocytes"
"W31150","Basophils"
"W31151","Erythrocyte"
"W31152","Monocytes"
"W31153","Erythrocyte"
"W31154","Erythrocyte"
"W31155","Multipotent progenitors"
"W31156","Erythrocyte"
"W31157","Basophils"
"W31158","Monocytes"
"W31159","Erythrocyte"
"W31161","Erythrocyte"
"W31162","Erythrocyte"
"W31163","Erythrocyte"
"W31164","Monocytes"
"W31165","Erythrocyte"
"W31166","Basophils"
"W31167","Erythrocyte"
"W31168","Basophils"
"W31169","Basophils"
"W31170","Monocytes"
"W31171","Multipotent progenitors"
"W31172","Multipotent progenitors"
"W31173","Multipotent progenitors"
"W31174","GMP"
"W31175","Basophils"
"W31176","Erythrocyte"
"W31177","Erythrocyte"
"W31178","Erythrocyte"
"W31179","Monocytes"
"W31180","Erythrocyte"
"W31181","Neutrophils"
"W31182","Neutrophils"
"W31183","Erythrocyte"
"W31184","Erythrocyte"
"W31185","Erythrocyte"
"W31186","Basophils"
"W31187","Basophils"
"W31188","GMP"
"W31189","Monocytes"
"W31190","Erythrocyte"
"W31191","Multipotent progenitors"
"W31192","Multipotent progenitors"
"W31193","Erythrocyte"
"W31194","Erythrocyte"
"W31195","Erythrocyte"
"W31196","GMP"
"W31197","GMP"
"W31198","Erythrocyte"
"W31199","Multipotent progenitors"
"W31200","Erythrocyte"
"W31201","Multipotent progenitors"
"W31202","Monocytes"
"W31203","Neutrophils"
"W31204","GMP"
"W31205","Erythrocyte"
"W31206","Erythrocyte"
"W31207","Basophils"
"W31209","Erythrocyte"
"W31210","Monocytes"
"W31211","Monocytes"
"W31212","Erythrocyte"
"W31213","Erythrocyte"
"W31214","Erythrocyte"
"W31215","Erythrocyte"
"W31217","Erythrocyte"
"W31218","Monocytes"
"W31219","GMP"
"W31220","Erythrocyte"
"W31221","Multipotent progenitors"
"W31222","Erythrocyte"
"W31223","GMP"
"W31224","Multipotent progenitors"
"W31225","Erythrocyte"
"W31226","Neutrophils"
"W31228","GMP"
"W31229","Erythrocyte"
"W31230","Erythrocyte"
"W31231","Erythrocyte"
"W31232","Erythrocyte"
"W31233","Erythrocyte"
"W31234","Erythrocyte"
"W31236","Erythrocyte"
"W31237","Monocytes"
"W31238","Erythrocyte"
"W31239","Monocytes"
"W31240","Erythrocyte"
"W31241","Erythrocyte"
"W31242","Neutrophils"
"W31243","Erythrocyte"
"W31244","Basophils"
"W31245","Neutrophils"
"W31246","Erythrocyte"
"W31247","Erythrocyte"
"W31248","Erythrocyte"
"W31249","Monocytes"
"W31250","Erythrocyte"
"W31251","Neutrophils"
"W31252","Monocytes"
"W31253","Monocytes"
"W31254","Basophils"
"W31255","Erythrocyte"
"W31256","Monocytes"
"W31257","Multipotent progenitors"
"W31259","Monocytes"
"W31260","GMP"
"W31262","Erythrocyte"
"W31263","Monocytes"
"W31264","Monocytes"
"W31265","Monocytes"
"W31266","Neutrophils"
"W31267","GMP"
"W31268","Multipotent progenitors"
"W31269","Erythrocyte"
"W31270","Neutrophils"
"W31271","Erythrocyte"
"W31272","Neutrophils"
"W31273","Monocytes"
"W31274","GMP"
"W31275","Neutrophils"
"W31276","Megakaryocytes"
"W31277","Multipotent progenitors"
"W31278","Monocytes"
"W31279","Multipotent progenitors"
"W31280","Erythrocyte"
"W31281","Monocytes"
"W31282","Monocytes"
"W31283","Erythrocyte"
"W31284","Erythrocyte"
"W31285","Monocytes"
"W31286","Monocytes"
"W31287","GMP"
"W31288","Erythrocyte"
"W31289","Erythrocyte"
"W31290","Monocytes"
"W31291","Erythrocyte"
"W31292","Erythrocyte"
"W31293","Monocytes"
"W31294","Erythrocyte"
"W31295","Monocytes"
"W31296","Neutrophils"
"W31297","Megakaryocytes"
"W31298","Erythrocyte"
"W31299","Monocytes"
"W31300","Basophils"
"W31301","Monocytes"
"W31302","Erythrocyte"
"W31303","Erythrocyte"
"W31305","Neutrophils"
"W31306","Monocytes"
"W31307","Basophils"
"W31309","Erythrocyte"
"W31310","Erythrocyte"
"W31311","Basophils"
"W31312","Basophils"
"W31313","Megakaryocytes"
"W31314","Multipotent progenitors"
"W31315","Erythrocyte"
"W31316","Erythrocyte"
"W31317","Erythrocyte"
"W31318","Erythrocyte"
"W31319","Monocytes"
"W31321","Erythrocyte"
"W31322","Erythrocyte"
"W31323","Erythrocyte"
"W31324","Megakaryocytes"
"W31325","Erythrocyte"
"W31326","Erythrocyte"
"W31327","Monocytes"
"W31328","Erythrocyte"
"W31329","Monocytes"
"W31330","Monocytes"
"W31331","Multipotent progenitors"
"W31332","Monocytes"
"W31333","Erythrocyte"
"W31334","Erythrocyte"
"W31335","Basophils"
"W31336","Monocytes"
"W31337","Erythrocyte"
"W31338","Monocytes"
"W31339","Basophils"
"W31340","Erythrocyte"
"W31341","Monocytes"
"W31342","Monocytes"
"W31343","Basophils"
"W31345","Erythrocyte"
"W31346","Erythrocyte"
"W31347","Monocytes"
"W31348","Erythrocyte"
"W31349","Erythrocyte"
"W31350","Neutrophils"
"W31351","Monocytes"
"W31353","Erythrocyte"
"W31354","Neutrophils"
"W31355","Monocytes"
"W31356","Erythrocyte"
"W31357","Erythrocyte"
"W31358","Erythrocyte"
"W31359","Monocytes"
"W31360","Erythrocyte"
"W31361","Neutrophils"
"W31362","Monocytes"
"W31363","Monocytes"
"W31364","Multipotent progenitors"
"W31365","Basophils"
"W31366","Monocytes"
"W31367","Monocytes"
"W31368","Erythrocyte"
"W31369","Erythrocyte"
"W31370","Erythrocyte"
"W31371","Monocytes"
"W31372","Erythrocyte"
"W31373","Basophils"
"W31374","Erythrocyte"
"W31375","Erythrocyte"
"W31376","Basophils"
"W31377","Basophils"
"W31378","Erythrocyte"
"W31379","GMP"
"W31380","Erythrocyte"
"W31381","Basophils"
"W31382","Erythrocyte"
"W31383","GMP"
"W31386","Monocytes"
"W31387","Erythrocyte"
"W31388","GMP"
"W31389","Erythrocyte"
"W31390","Erythrocyte"
"W31391","Erythrocyte"
"W31392","Monocytes"
"W31393","Basophils"
"W31394","Erythrocyte"
"W31395","Monocytes"
"W31396","Neutrophils"
"W31397","Basophils"
"W31398","Monocytes"
"W31399","Monocytes"
"W31401","Erythrocyte"
"W31402","Monocytes"
"W31403","Basophils"
"W31405","Basophils"
"W31406","Erythrocyte"
"W31407","GMP"
"W31409","Monocytes"
"W31410","Erythrocyte"
"W31411","Monocytes"
"W31413","Erythrocyte"
"W31414","Erythrocyte"
"W31415","Erythrocyte"
"W31416","Erythrocyte"
"W31418","Erythrocyte"
"W31419","Erythrocyte"
"W31420","Erythrocyte"
"W31421","Neutrophils"
"W31422","Monocytes"
"W31423","Erythrocyte"
"W31424","Erythrocyte"
"W31425","Monocytes"
"W31426","Erythrocyte"
"W31427","Erythrocyte"
"W31428","Erythrocyte"
"W31429","Erythrocyte"
"W31430","Multipotent progenitors"
"W31431","Erythrocyte"
"W31432","Monocytes"
"W31433","GMP"
"W31434","Erythrocyte"
"W31436","Monocytes"
"W31437","Erythrocyte"
"W31439","GMP"
"W31440","Erythrocyte"
"W31441","Erythrocyte"
"W31442","Erythrocyte"
"W31443","Basophils"
"W31444","Erythrocyte"
"W31446","Erythrocyte"
"W31447","Erythrocyte"
"W31448","Monocytes"
"W31451","Monocytes"
"W31452","Erythrocyte"
"W31453","Erythrocyte"
"W31454","Monocytes"
"W31455","Erythrocyte"
"W31456","Erythrocyte"
"W31457","Basophils"
"W31458","Multipotent progenitors"
"W31459","Neutrophils"
"W31460","Monocytes"
"W31461","Erythrocyte"
"W31462","Erythrocyte"
"W31463","Erythrocyte"
"W31464","Monocytes"
"W31465","Basophils"
"W31466","Monocytes"
"W31467","Erythrocyte"
"W31468","Basophils"
"W31469","Neutrophils"
"W31470","Erythrocyte"
"W31471","Monocytes"
"W31472","Neutrophils"
"W31473","Monocytes"
"W31474","Neutrophils"
"W31475","Monocytes"
"W31476","Megakaryocytes"
"W31477","GMP"
"W31478","Monocytes"
"W31479","Erythrocyte"
"W31480","Multipotent progenitors"
"W31481","Erythrocyte"
"W31483","Monocytes"
"W31484","Basophils"
"W31485","Erythrocyte"
"W31486","Erythrocyte"
"W31487","Monocytes"
"W31489","Monocytes"
"W31491","GMP"
"W31492","Erythrocyte"
"W31493","GMP"
"W31494","Basophils"
"W31495","GMP"
"W31497","Multipotent progenitors"
"W31498","GMP"
"W31499","Erythrocyte"
"W31500","Erythrocyte"
"W31501","Monocytes"
"W31502","GMP"
"W31503","Monocytes"
"W31504","Basophils"
"W31505","Multipotent progenitors"
"W31506","Erythrocyte"
"W31507","Multipotent progenitors"
"W31508","Erythrocyte"
"W31509","Monocytes"
"W31510","Basophils"
"W31511","GMP"
"W31512","Multipotent progenitors"
"W31513","Erythrocyte"
"W31514","Multipotent progenitors"
"W31515","Basophils"
"W31516","Erythrocyte"
"W31517","Monocytes"
"W31518","Basophils"
"W31519","GMP"
"W31520","GMP"
"W31521","Erythrocyte"
"W31522","Basophils"
"W31523","Erythrocyte"
"W31524","Basophils"
"W31525","Erythrocyte"
"W31526","Erythrocyte"
"W31527","Erythrocyte"
"W31528","Basophils"
"W31529","Erythrocyte"
"W31530","Basophils"
"W31532","Monocytes"
"W31533","GMP"
"W31534","Megakaryocytes"
"W31535","GMP"
"W31536","Erythrocyte"
"W31537","Basophils"
"W31538","Monocytes"
"W31539","Basophils"
"W31540","Monocytes"
"W31541","Erythrocyte"
"W31542","Monocytes"
"W31543","Erythrocyte"
"W31544","Basophils"
"W31545","Basophils"
"W31546","Neutrophils"
"W31548","Basophils"
"W31549","Basophils"
"W31550","Erythrocyte"
"W31551","Erythrocyte"
"W31552","Monocytes"
"W31553","Multipotent progenitors"
"W31554","Erythrocyte"
"W31555","Erythrocyte"
"W31556","Basophils"
"W31558","Monocytes"
"W31559","Monocytes"
"W31560","Erythrocyte"
"W31562","Basophils"
"W31563","Erythrocyte"
"W31564","Monocytes"
"W31565","Erythrocyte"
"W31566","Basophils"
"W31567","Basophils"
"W31568","Monocytes"
"W31569","Multipotent progenitors"
"W31570","Multipotent progenitors"
"W31571","Monocytes"
"W31572","Erythrocyte"
"W31573","Erythrocyte"
"W31575","Erythrocyte"
"W31576","Erythrocyte"
"W31577","Monocytes"
"W31578","Erythrocyte"
"W31580","Basophils"
"W31581","GMP"
"W31583","Basophils"
"W31586","Erythrocyte"
"W31587","Multipotent progenitors"
"W31588","Monocytes"
"W31590","Basophils"
"W31591","Basophils"
"W31593","Erythrocyte"
"W31594","Erythrocyte"
"W31595","Monocytes"
"W31596","Neutrophils"
"W31597","Basophils"
"W31598","Erythrocyte"
"W31599","Monocytes"
"W31600","Neutrophils"
"W31601","Monocytes"
"W31602","Basophils"
"W31603","Neutrophils"
"W31604","Erythrocyte"
"W31605","Erythrocyte"
"W31606","Monocytes"
"W31607","GMP"
"W31608","Basophils"
"W31609","Monocytes"
"W31611","Basophils"
"W31613","Erythrocyte"
"W31614","Multipotent progenitors"
"W31615","Basophils"
"W31617","Monocytes"
"W31618","Erythrocyte"
"W31620","Basophils"
"W31621","GMP"
"W31622","Monocytes"
"W31623","Monocytes"
"W31624","Monocytes"
"W31625","Monocytes"
"W31626","Erythrocyte"
"W31628","Neutrophils"
"W31629","Erythrocyte"
"W31630","Monocytes"
"W31631","Basophils"
"W31632","Monocytes"
"W31634","Erythrocyte"
"W31635","Erythrocyte"
"W31636","Erythrocyte"
"W31638","Basophils"
"W31639","Basophils"
"W31640","Erythrocyte"
"W31641","Erythrocyte"
"W31642","GMP"
"W31644","Monocytes"
"W31645","Multipotent progenitors"
"W31646","Monocytes"
"W31648","Neutrophils"
"W31649","Erythrocyte"
"W31650","Erythrocyte"
"W31651","GMP"
"W31652","Megakaryocytes"
"W31653","Erythrocyte"
"W31654","Erythrocyte"
"W31655","Basophils"
"W31656","Basophils"
"W31657","Basophils"
"W31658","Multipotent progenitors"
"W31659","Multipotent progenitors"
"W31660","Basophils"
"W31661","Erythrocyte"
"W31662","Erythrocyte"
"W31663","Neutrophils"
"W31664","Monocytes"
"W31665","Basophils"
"W31666","Erythrocyte"
"W31667","Monocytes"
"W31668","Erythrocyte"
"W31669","Multipotent progenitors"
"W31670","GMP"
"W31674","Monocytes"
"W31676","Erythrocyte"
"W31678","Monocytes"
"W31681","Basophils"
"W31682","GMP"
"W31683","Monocytes"
"W31684","Neutrophils"
"W31685","Multipotent progenitors"
"W31686","Neutrophils"
"W31687","Basophils"
"W31689","Erythrocyte"
"W31690","Monocytes"
"W31691","Erythrocyte"
"W31692","Multipotent progenitors"
"W31693","Megakaryocytes"
"W31695","Erythrocyte"
"W31696","Basophils"
"W31697","GMP"
"W31698","Erythrocyte"
"W31699","Erythrocyte"
"W31700","Erythrocyte"
"W31701","Neutrophils"
"W31702","Monocytes"
"W31703","Neutrophils"
"W31704","Erythrocyte"
"W31705","Monocytes"
"W31706","Erythrocyte"
"W31707","Monocytes"
"W31708","Monocytes"
"W31711","Monocytes"
"W31712","Basophils"
"W31713","Monocytes"
"W31714","Basophils"
"W31715","Neutrophils"
"W31716","Monocytes"
"W31717","Erythrocyte"
"W31718","Erythrocyte"
"W31719","Erythrocyte"
"W31720","Erythrocyte"
"W31721","Monocytes"
"W31722","GMP"
"W31723","Erythrocyte"
"W31724","GMP"
"W31725","Multipotent progenitors"
"W31726","Monocytes"
"W31727","Basophils"
"W31728","Erythrocyte"
"W31729","Monocytes"
"W31730","Monocytes"
"W31731","Erythrocyte"
"W31732","Basophils"
"W31733","Monocytes"
"W31734","Monocytes"
"W31735","Erythrocyte"
"W31736","Erythrocyte"
"W31737","Basophils"
"W31738","GMP"
"W31739","Monocytes"
"W31740","Neutrophils"
"W31741","GMP"
"W31742","Erythrocyte"
"W31743","Monocytes"
"W31744","Basophils"
"W31745","GMP"
"W31746","Basophils"
"W31748","Neutrophils"
"W31749","GMP"
"W31750","Basophils"
"W31751","Neutrophils"
"W31752","Erythrocyte"
"W31755","Erythrocyte"
"W31756","GMP"
"W31758","Basophils"
"W31760","Monocytes"
"W31761","Erythrocyte"
"W31762","Basophils"
"W31764","Basophils"
"W31765","Basophils"
"W31767","Basophils"
"W31768","Erythrocyte"
"W31771","Basophils"
"W31773","GMP"
"W31775","Erythrocyte"
"W31777","Erythrocyte"
"W31778","Erythrocyte"
"W31779","Erythrocyte"
"W31780","Erythrocyte"
"W31781","Erythrocyte"
"W31782","Basophils"
"W31783","Erythrocyte"
"W31785","Monocytes"
"W31786","Erythrocyte"
"W31787","GMP"
"W31788","Erythrocyte"
"W31789","Basophils"
"W31791","GMP"
"W31792","GMP"
"W31793","Basophils"
"W31794","Neutrophils"
"W31795","Erythrocyte"
"W31796","Multipotent progenitors"
"W31797","Erythrocyte"
"W31798","Monocytes"
"W31799","Monocytes"
"W31801","Basophils"
"W31802","Basophils"
"W31803","Erythrocyte"
"W31804","Basophils"
"W31805","Multipotent progenitors"
"W31806","Erythrocyte"
"W31807","Basophils"
"W31808","Monocytes"
"W31809","Basophils"
"W31811","Neutrophils"
"W31812","Basophils"
"W31813","Monocytes"
"W31814","Erythrocyte"
"W31816","Basophils"
"W31817","Basophils"
"W31818","Erythrocyte"
"W31819","Erythrocyte"
"W31820","Neutrophils"
"W31821","Monocytes"
"W31822","GMP"
"W31823","Neutrophils"
"W31824","Basophils"
"W31825","GMP"
"W31826","Neutrophils"
"W31827","Erythrocyte"
"W31828","Monocytes"
"W31829","Basophils"
"W31830","GMP"
"W31831","Erythrocyte"
"W31832","Erythrocyte"
"W31834","Erythrocyte"
"W31835","Erythrocyte"
"W31836","Basophils"
"W31837","Monocytes"
"W31838","Erythrocyte"
"W31839","Erythrocyte"
"W31840","Neutrophils"
"W31841","Erythrocyte"
"W31842","Basophils"
"W31845","Monocytes"
"W31846","Erythrocyte"
"W31847","Erythrocyte"
"W31849","Erythrocyte"
"W31850","Erythrocyte"
"W31851","Erythrocyte"
"W31854","GMP"
"W31855","Erythrocyte"
"W31856","Basophils"
"W31857","Basophils"
"W31858","Erythrocyte"
"W31859","Basophils"
"W31860","Basophils"
"W31861","Monocytes"
"W31864","Basophils"
"W31865","Basophils"
"W31866","Basophils"
"W31868","Basophils"
"W31870","GMP"
"W31871","Monocytes"
"W31872","Basophils"
"W36865","Multipotent progenitors"
"W36866","Basophils"
"W36867","GMP"
"W36868","Monocytes"
"W36869","Erythrocyte"
"W36871","Erythrocyte"
"W36873","Basophils"
"W36874","Basophils"
"W36875","Monocytes"
"W36876","Erythrocyte"
"W36877","Basophils"
"W36878","Erythrocyte"
"W36879","Monocytes"
"W36881","Erythrocyte"
"W36882","Erythrocyte"
"W36883","Erythrocyte"
"W36885","Monocytes"
"W36886","Basophils"
"W36887","Multipotent progenitors"
"W36889","Erythrocyte"
"W36890","Megakaryocytes"
"W36891","Monocytes"
"W36892","Monocytes"
"W36893","Megakaryocytes"
"W36894","Erythrocyte"
"W36895","Monocytes"
"W36897","Erythrocyte"
"W36898","Erythrocyte"
"W36899","GMP"
"W36900","Erythrocyte"
"W36901","Erythrocyte"
"W36902","Erythrocyte"
"W36903","Monocytes"
"W36905","Erythrocyte"
"W36906","Erythrocyte"
"W36907","Monocytes"
"W36908","Neutrophils"
"W36909","GMP"
"W36910","Neutrophils"
"W36911","Monocytes"
"W36912","GMP"
"W36913","Erythrocyte"
"W36914","Monocytes"
"W36915","Megakaryocytes"
"W36916","Monocytes"
"W36917","Monocytes"
"W36918","Neutrophils"
"W36919","Erythrocyte"
"W36920","Monocytes"
"W36921","Neutrophils"
"W36922","Erythrocyte"
"W36923","Erythrocyte"
"W36924","Basophils"
"W36925","Monocytes"
"W36926","Basophils"
"W36927","Erythrocyte"
"W36928","Basophils"
"W36929","Multipotent progenitors"
"W36930","Monocytes"
"W36931","Erythrocyte"
"W36932","Neutrophils"
"W36933","Monocytes"
"W36934","Basophils"
"W36935","Erythrocyte"
"W36936","Basophils"
"W36939","Monocytes"
"W36940","Neutrophils"
"W36941","Monocytes"
"W36942","Monocytes"
"W36943","Erythrocyte"
"W36944","Erythrocyte"
"W36945","Erythrocyte"
"W36946","Basophils"
"W36947","Monocytes"
"W36948","Neutrophils"
"W36949","Erythrocyte"
"W36950","Erythrocyte"
"W36951","Erythrocyte"
"W36952","Erythrocyte"
"W36953","Erythrocyte"
"W36954","Erythrocyte"
"W36955","Basophils"
"W36956","Monocytes"
"W36957","Monocytes"
"W36958","Neutrophils"
"W36959","Erythrocyte"
"W36960","Erythrocyte"
"W36961","Monocytes"
"W36962","Monocytes"
"W36963","Monocytes"
"W36964","Basophils"
"W36966","Monocytes"
"W36967","Erythrocyte"
"W36969","Megakaryocytes"
"W36970","Monocytes"
"W36971","Monocytes"
"W36972","GMP"
"W36973","GMP"
"W36974","Erythrocyte"
"W36975","Monocytes"
"W36976","Erythrocyte"
"W36978","Erythrocyte"
"W36979","Monocytes"
"W36980","Monocytes"
"W36981","Megakaryocytes"
"W36982","Basophils"
"W36983","Erythrocyte"
"W36984","Basophils"
"W36985","Erythrocyte"
"W36987","Basophils"
"W36990","Monocytes"
"W36991","Basophils"
"W36992","Erythrocyte"
"W36993","Erythrocyte"
"W36994","Neutrophils"
"W36995","Erythrocyte"
"W36996","Erythrocyte"
"W36997","Erythrocyte"
"W36998","Erythrocyte"
"W36999","GMP"
"W37000","Basophils"
"W37001","Basophils"
"W37003","Megakaryocytes"
"W37004","Neutrophils"
"W37005","Basophils"
"W37006","Multipotent progenitors"
"W37008","Erythrocyte"
"W37009","Basophils"
"W37010","Erythrocyte"
"W37011","Erythrocyte"
"W37012","Monocytes"
"W37013","Neutrophils"
"W37014","Erythrocyte"
"W37015","Basophils"
"W37016","Monocytes"
"W37017","Erythrocyte"
"W37018","Erythrocyte"
"W37019","Erythrocyte"
"W37020","Erythrocyte"
"W37022","Megakaryocytes"
"W37023","Erythrocyte"
"W37024","Erythrocyte"
"W37025","Monocytes"
"W37026","Neutrophils"
"W37027","Erythrocyte"
"W37028","Basophils"
"W37029","Multipotent progenitors"
"W37030","Erythrocyte"
"W37031","Erythrocyte"
"W37032","Basophils"
"W37034","Megakaryocytes"
"W37035","Erythrocyte"
"W37036","Erythrocyte"
"W37037","Erythrocyte"
"W37039","Erythrocyte"
"W37040","Monocytes"
"W37041","Erythrocyte"
"W37042","Erythrocyte"
"W37043","Monocytes"
"W37044","Monocytes"
"W37045","Basophils"
"W37046","Monocytes"
"W37047","Monocytes"
"W37048","Monocytes"
"W37049","Erythrocyte"
"W37050","Multipotent progenitors"
"W37051","Erythrocyte"
"W37052","Erythrocyte"
"W37053","Multipotent progenitors"
"W37054","Erythrocyte"
"W37055","Monocytes"
"W37056","Erythrocyte"
"W37057","Monocytes"
"W37058","Basophils"
"W37059","Erythrocyte"
"W37060","Basophils"
"W37061","Erythrocyte"
"W37063","GMP"
"W37065","Erythrocyte"
"W37066","Erythrocyte"
"W37067","Erythrocyte"
"W37068","Erythrocyte"
"W37069","Basophils"
"W37070","GMP"
"W37072","Multipotent progenitors"
"W37073","Monocytes"
"W37074","Basophils"
"W37075","Basophils"
"W37077","GMP"
"W37078","GMP"
"W37079","Erythrocyte"
"W37080","Neutrophils"
"W37081","Monocytes"
"W37082","Monocytes"
"W37083","Erythrocyte"
"W37084","Erythrocyte"
"W37085","Basophils"
"W37086","Erythrocyte"
"W37087","Erythrocyte"
"W37088","Erythrocyte"
"W37089","Neutrophils"
"W37090","GMP"
"W37091","GMP"
"W37092","Basophils"
"W37093","Multipotent progenitors"
"W37094","Neutrophils"
"W37095","Erythrocyte"
"W37096","Basophils"
"W37097","Neutrophils"
"W37098","Monocytes"
"W37099","Erythrocyte"
"W37100","Neutrophils"
"W37101","Basophils"
"W37102","Monocytes"
"W37103","Erythrocyte"
"W37104","Monocytes"
"W37105","Neutrophils"
"W37106","Erythrocyte"
"W37108","Multipotent progenitors"
"W37109","Multipotent progenitors"
"W37110","Erythrocyte"
"W37111","Neutrophils"
"W37112","Erythrocyte"
"W37113","Erythrocyte"
"W37114","Basophils"
"W37115","Erythrocyte"
"W37116","Monocytes"
"W37117","Basophils"
"W37118","Basophils"
"W37119","Erythrocyte"
"W37120","Erythrocyte"
"W37121","Erythrocyte"
"W37122","Monocytes"
"W37123","Neutrophils"
"W37124","Monocytes"
"W37125","Erythrocyte"
"W37127","Erythrocyte"
"W37128","Basophils"
"W37130","Erythrocyte"
"W37131","Erythrocyte"
"W37132","Neutrophils"
"W37133","Neutrophils"
"W37134","Erythrocyte"
"W37135","Erythrocyte"
"W37137","Monocytes"
"W37138","Neutrophils"
"W37139","Erythrocyte"
"W37140","GMP"
"W37141","Erythrocyte"
"W37142","Monocytes"
"W37143","Erythrocyte"
"W37144","Erythrocyte"
"W37145","Erythrocyte"
"W37146","Erythrocyte"
"W37147","Erythrocyte"
"W37148","Monocytes"
"W37150","GMP"
"W37151","Erythrocyte"
"W37152","Erythrocyte"
"W37153","Multipotent progenitors"
"W37154","Erythrocyte"
"W37156","Erythrocyte"
"W37157","Monocytes"
"W37158","Erythrocyte"
"W37159","Erythrocyte"
"W37161","Multipotent progenitors"
"W37162","Erythrocyte"
"W37163","Multipotent progenitors"
"W37164","Erythrocyte"
"W37165","Erythrocyte"
"W37166","Erythrocyte"
"W37167","Basophils"
"W37168","Erythrocyte"
"W37169","Monocytes"
"W37170","Monocytes"
"W37171","Erythrocyte"
"W37172","Monocytes"
"W37173","Erythrocyte"
"W37174","Erythrocyte"
"W37175","Neutrophils"
"W37176","Basophils"
"W37177","Monocytes"
"W37178","Erythrocyte"
"W37179","Neutrophils"
"W37180","Monocytes"
"W37181","Neutrophils"
"W37182","Megakaryocytes"
"W37183","Multipotent progenitors"
"W37184","Megakaryocytes"
"W37185","Monocytes"
"W37186","GMP"
"W37187","Erythrocyte"
"W37188","GMP"
"W37190","Erythrocyte"
"W37191","Basophils"
"W37192","Monocytes"
"W37193","Erythrocyte"
"W37194","Erythrocyte"
"W37195","Erythrocyte"
"W37196","Monocytes"
"W37197","Erythrocyte"
"W37198","Erythrocyte"
"W37199","Erythrocyte"
"W37200","Monocytes"
"W37201","Basophils"
"W37202","Erythrocyte"
"W37203","Basophils"
"W37204","Neutrophils"
"W37205","Monocytes"
"W37206","Monocytes"
"W37207","Basophils"
"W37208","Erythrocyte"
"W37209","Monocytes"
"W37210","Monocytes"
"W37211","Basophils"
"W37212","GMP"
"W37213","Multipotent progenitors"
"W37215","Erythrocyte"
"W37216","Erythrocyte"
"W37217","Erythrocyte"
"W37218","Neutrophils"
"W37219","Erythrocyte"
"W37220","Erythrocyte"
"W37221","Erythrocyte"
"W37223","Erythrocyte"
"W37224","Monocytes"
"W37225","Monocytes"
"W37226","Megakaryocytes"
"W37227","Erythrocyte"
"W37228","Multipotent progenitors"
"W37229","Multipotent progenitors"
"W37230","Neutrophils"
"W37231","Erythrocyte"
"W37232","Basophils"
"W37233","Erythrocyte"
"W37234","Erythrocyte"
"W37235","Monocytes"
"W37236","Erythrocyte"
"W37237","Monocytes"
"W37238","Multipotent progenitors"
"W37239","Erythrocyte"
"W37240","Basophils"
"W37241","Erythrocyte"
"W37242","Monocytes"
"W37243","Erythrocyte"
"W37244","Monocytes"
"W37245","Erythrocyte"
"W37246","Erythrocyte"
"W37247","GMP"
"W37248","Erythrocyte"
"W37249","Monocytes"
"W37250","Erythrocyte"
"W37251","Erythrocyte"
"W37252","Basophils"
"W37253","Erythrocyte"
"W37258","Basophils"
"W37259","Erythrocyte"
"W37260","Erythrocyte"
"W37261","Megakaryocytes"
"W37262","Erythrocyte"
"W37264","Erythrocyte"
"W37265","Erythrocyte"
"W37266","Erythrocyte"
"W37267","Neutrophils"
"W37268","Multipotent progenitors"
"W37269","Erythrocyte"
"W37270","Monocytes"
"W37273","GMP"
"W37274","Basophils"
"W37275","Erythrocyte"
"W37276","Erythrocyte"
"W37277","Monocytes"
"W37278","GMP"
"W37279","Basophils"
"W37280","Monocytes"
"W37281","Monocytes"
"W37282","Erythrocyte"
"W37283","Monocytes"
"W37284","Erythrocyte"
"W37285","Erythrocyte"
"W37286","Monocytes"
"W37288","Monocytes"
"W37289","Megakaryocytes"
"W37290","Neutrophils"
"W37291","GMP"
"W37292","Erythrocyte"
"W37293","Erythrocyte"
"W37294","Erythrocyte"
"W37295","GMP"
"W37296","Monocytes"
"W37297","Monocytes"
"W37298","Erythrocyte"
"W37300","Monocytes"
"W37301","Erythrocyte"
"W37302","Basophils"
"W37303","Monocytes"
"W37304","Monocytes"
"W37305","Monocytes"
"W37306","Erythrocyte"
"W37307","Erythrocyte"
"W37308","Basophils"
"W37309","Erythrocyte"
"W37310","Multipotent progenitors"
"W37311","Multipotent progenitors"
"W37312","Basophils"
"W37313","Erythrocyte"
"W37314","Erythrocyte"
"W37315","Monocytes"
"W37317","Erythrocyte"
"W37318","Erythrocyte"
"W37319","Megakaryocytes"
"W37320","Multipotent progenitors"
"W37322","Neutrophils"
"W37323","Erythrocyte"
"W37324","Monocytes"
"W37325","Erythrocyte"
"W37326","Monocytes"
"W37327","Megakaryocytes"
"W37328","Multipotent progenitors"
"W37330","Monocytes"
"W37331","Basophils"
"W37332","Basophils"
"W37334","Basophils"
"W37335","Basophils"
"W37336","Erythrocyte"
"W37337","Monocytes"
"W37338","Erythrocyte"
"W37339","Erythrocyte"
"W37341","Neutrophils"
"W37342","Erythrocyte"
"W37344","Erythrocyte"
"W37345","Erythrocyte"
"W37346","Erythrocyte"
"W37347","Erythrocyte"
"W37348","Monocytes"
"W37349","Neutrophils"
"W37350","Monocytes"
"W37353","Erythrocyte"
"W37354","GMP"
"W37355","Multipotent progenitors"
"W37356","Multipotent progenitors"
"W37357","Monocytes"
"W37358","Basophils"
"W37361","Erythrocyte"
"W37362","Basophils"
"W37363","Monocytes"
"W37364","Erythrocyte"
"W37365","Erythrocyte"
"W37366","Erythrocyte"
"W37367","Monocytes"
"W37369","Erythrocyte"
"W37371","Erythrocyte"
"W37372","GMP"
"W37373","Basophils"
"W37374","Erythrocyte"
"W37375","Multipotent progenitors"
"W37376","Basophils"
"W37377","Erythrocyte"
"W37378","Erythrocyte"
"W37379","Monocytes"
"W37380","Erythrocyte"
"W37381","Erythrocyte"
"W37382","GMP"
"W37384","Basophils"
"W37385","Monocytes"
"W37386","Erythrocyte"
"W37387","Erythrocyte"
"W37389","Erythrocyte"
"W37390","Monocytes"
"W37391","Erythrocyte"
"W37392","Basophils"
"W37393","Erythrocyte"
"W37394","Basophils"
"W37395","Erythrocyte"
"W37396","Erythrocyte"
"W37397","Multipotent progenitors"
"W37398","Erythrocyte"
"W37399","Neutrophils"
"W37401","Monocytes"
"W37402","Monocytes"
"W37403","Erythrocyte"
"W37405","Neutrophils"
"W37406","Erythrocyte"
"W37407","Erythrocyte"
"W37409","Erythrocyte"
"W37410","Erythrocyte"
"W37411","Erythrocyte"
"W37412","Monocytes"
"W37413","Erythrocyte"
"W37414","Erythrocyte"
"W37415","Erythrocyte"
"W37417","Neutrophils"
"W37418","GMP"
"W37419","Monocytes"
"W37420","Erythrocyte"
"W37421","Erythrocyte"
"W37422","Erythrocyte"
"W37424","Monocytes"
"W37425","Multipotent progenitors"
"W37426","Erythrocyte"
"W37427","Multipotent progenitors"
"W37428","Erythrocyte"
"W37429","Erythrocyte"
"W37430","Basophils"
"W37431","Monocytes"
"W37432","Monocytes"
"W37433","Erythrocyte"
"W37434","Monocytes"
"W37435","Erythrocyte"
"W37436","Basophils"
"W37437","Erythrocyte"
"W37442","Erythrocyte"
"W37443","Monocytes"
"W37446","Erythrocyte"
"W37449","Neutrophils"
"W37450","Erythrocyte"
"W37451","Erythrocyte"
"W37452","GMP"
"W37453","Erythrocyte"
"W37454","Monocytes"
"W37455","Erythrocyte"
"W37456","Monocytes"
"W37457","Monocytes"
"W37458","Basophils"
"W37459","Erythrocyte"
"W37460","Neutrophils"
"W37461","Multipotent progenitors"
"W37462","Erythrocyte"
"W37463","Basophils"
"W37465","Erythrocyte"
"W37466","Monocytes"
"W37467","Monocytes"
"W37468","Megakaryocytes"
"W37469","Neutrophils"
"W37470","Monocytes"
"W37471","Neutrophils"
"W37473","Erythrocyte"
"W37474","Erythrocyte"
"W37475","GMP"
"W37476","Neutrophils"
"W37477","Erythrocyte"
"W37478","Monocytes"
"W37479","Erythrocyte"
"W37480","Monocytes"
"W37481","Basophils"
"W37482","Erythrocyte"
"W37483","GMP"
"W37484","Multipotent progenitors"
"W37485","Erythrocyte"
"W37486","Erythrocyte"
"W37487","Erythrocyte"
"W37488","Monocytes"
"W37489","Multipotent progenitors"
"W37490","Megakaryocytes"
"W37491","Monocytes"
"W37492","Erythrocyte"
"W37493","Erythrocyte"
"W37494","Monocytes"
"W37496","Basophils"
"W37497","Multipotent progenitors"
"W37498","Erythrocyte"
"W37499","Basophils"
"W37500","Basophils"
"W37501","Erythrocyte"
"W37502","Erythrocyte"
"W37504","Monocytes"
"W37505","Erythrocyte"
"W37506","Multipotent progenitors"
"W37507","Erythrocyte"
"W37508","Basophils"
"W37509","Monocytes"
"W37510","Erythrocyte"
"W37511","Erythrocyte"
"W37512","Erythrocyte"
"W37514","Basophils"
"W37515","Multipotent progenitors"
"W37516","Erythrocyte"
"W37517","Erythrocyte"
"W37518","GMP"
"W37519","Neutrophils"
"W37520","Erythrocyte"
"W37521","Monocytes"
"W37522","Erythrocyte"
"W37523","Erythrocyte"
"W37524","GMP"
"W37525","Neutrophils"
"W37526","Megakaryocytes"
"W37527","Erythrocyte"
"W37528","Monocytes"
"W37529","Erythrocyte"
"W37530","GMP"
"W37531","Multipotent progenitors"
"W37532","Monocytes"
"W37534","Erythrocyte"
"W37535","Monocytes"
"W37537","Erythrocyte"
"W37538","Erythrocyte"
"W37539","Erythrocyte"
"W37540","Erythrocyte"
"W37541","Erythrocyte"
"W37542","Erythrocyte"
"W37545","Erythrocyte"
"W37546","Basophils"
"W37548","Erythrocyte"
"W37549","Erythrocyte"
"W37551","Monocytes"
"W37552","Basophils"
"W37553","Basophils"
"W37554","Erythrocyte"
"W37555","Erythrocyte"
"W37557","Multipotent progenitors"
"W37558","GMP"
"W37561","Erythrocyte"
"W37562","Basophils"
"W37563","Erythrocyte"
"W37564","Basophils"
"W37565","Erythrocyte"
"W37566","Erythrocyte"
"W37567","GMP"
"W37568","Neutrophils"
"W37569","Monocytes"
"W37570","Neutrophils"
"W37572","GMP"
"W37573","Erythrocyte"
"W37574","Erythrocyte"
"W37575","Erythrocyte"
"W37577","Erythrocyte"
"W37578","Monocytes"
"W37579","Monocytes"
"W37580","Monocytes"
"W37581","GMP"
"W37582","Basophils"
"W37583","Erythrocyte"
"W37584","Multipotent progenitors"
"W37585","Basophils"
"W37586","Erythrocyte"
"W37587","Monocytes"
"W37588","Monocytes"
"W37589","Monocytes"
"W37591","Erythrocyte"
"W37593","Monocytes"
"W37594","Monocytes"
"W37595","GMP"
"W37596","Basophils"
"W37597","Neutrophils"
"W37599","Megakaryocytes"
"W37601","Basophils"
"W37602","Erythrocyte"
"W37603","Erythrocyte"
"W37604","Monocytes"
"W37605","Erythrocyte"
"W37606","Erythrocyte"
"W37607","Erythrocyte"
"W37608","Monocytes"
"W37609","Multipotent progenitors"
"W37610","Multipotent progenitors"
"W37611","Monocytes"
"W37612","Erythrocyte"
"W37613","Basophils"
"W37614","Erythrocyte"
"W37615","Neutrophils"
"W37617","Basophils"
"W37618","Monocytes"
"W37619","Megakaryocytes"
"W37620","Erythrocyte"
"W37621","Erythrocyte"
"W37622","Erythrocyte"
"W37624","Monocytes"
"W37625","Multipotent progenitors"
"W37627","Multipotent progenitors"
"W37628","GMP"
"W37629","Basophils"
"W37630","Erythrocyte"
"W37631","Erythrocyte"
"W37633","Erythrocyte"
"W37634","Erythrocyte"
"W37635","Erythrocyte"
"W37642","Multipotent progenitors"
"W37644","Megakaryocytes"
"W37650","Erythrocyte"
"W37651","Erythrocyte"
"W37653","GMP"
"W37654","Basophils"
"W37657","Monocytes"
"W37658","Erythrocyte"
"W37660","Basophils"
"W37661","Erythrocyte"
"W37663","Neutrophils"
"W37664","Monocytes"
"W37665","Erythrocyte"
"W37666","Multipotent progenitors"
"W37667","Basophils"
"W37668","Erythrocyte"
"W37669","Basophils"
"W37670","Erythrocyte"
"W37673","Monocytes"
"W37674","Multipotent progenitors"
"W37675","Erythrocyte"
"W37676","GMP"
"W37680","Basophils"
"W37682","Erythrocyte"
"W37683","Erythrocyte"
"W37684","Basophils"
"W37685","Basophils"
"W37686","Multipotent progenitors"
"W37687","Neutrophils"
"W37689","Monocytes"
"W37691","Erythrocyte"
"W37692","Erythrocyte"
"W37693","Erythrocyte"
"W37694","Basophils"
"W37696","Monocytes"
"W37698","Megakaryocytes"
"W37699","Erythrocyte"
"W37700","Monocytes"
"W37701","Monocytes"
"W37702","Monocytes"
"W37704","GMP"
"W37706","Monocytes"
"W37707","Monocytes"
"W37708","Erythrocyte"
"W37709","Multipotent progenitors"
"W37710","Erythrocyte"
"W37711","Neutrophils"
"W37712","GMP"
"W37713","Erythrocyte"
"W37714","Erythrocyte"
"W37715","Monocytes"
"W37716","Monocytes"
"W37717","Monocytes"
"W37718","Erythrocyte"
"W37719","Basophils"
"W37720","Erythrocyte"
"W37721","Basophils"
"W37722","Basophils"
"W37723","Multipotent progenitors"
"W37724","Erythrocyte"
"W37725","Erythrocyte"
"W37726","Erythrocyte"
"W37728","Monocytes"
"W37729","Basophils"
"W37730","Erythrocyte"
"W37731","Neutrophils"
"W37737","Erythrocyte"
"W37738","Erythrocyte"
"W37739","Basophils"
"W37745","Erythrocyte"
"W37746","Erythrocyte"
"W37747","Erythrocyte"
"W37748","Monocytes"
"W37753","Erythrocyte"
"W37754","Monocytes"
"W37756","Basophils"
"W37758","Monocytes"
"W37759","Erythrocyte"
"W37761","Erythrocyte"
"W37762","Basophils"
"W37763","Basophils"
"W37764","Basophils"
"W37765","Erythrocyte"
"W37766","Neutrophils"
"W37769","Erythrocyte"
"W37770","Basophils"
"W37771","Erythrocyte"
"W37772","Monocytes"
"W37776","Erythrocyte"
"W37777","Monocytes"
"W37778","Megakaryocytes"
"W37779","Erythrocyte"
"W37780","GMP"
"W37781","Erythrocyte"
"W37782","Erythrocyte"
"W37786","Erythrocyte"
"W37788","Monocytes"
"W37790","Erythrocyte"
"W37793","GMP"
"W37794","Neutrophils"
"W37795","Erythrocyte"
"W37796","Monocytes"
"W37797","Neutrophils"
"W37798","Erythrocyte"
"W37799","GMP"
"W37800","Neutrophils"
"W37801","Basophils"
"W37803","Monocytes"
"W37804","Erythrocyte"
"W37805","Basophils"
"W37806","Multipotent progenitors"
"W37807","Basophils"
"W37809","Basophils"
"W37811","Erythrocyte"
"W37812","Erythrocyte"
"W37813","Monocytes"
"W37817","Erythrocyte"
"W37818","Neutrophils"
"W37819","Erythrocyte"
"W37820","Erythrocyte"
"W37822","Monocytes"
"W37825","Monocytes"
"W37826","Basophils"
"W37828","Monocytes"
"W37830","Erythrocyte"
"W37833","Erythrocyte"
"W37835","Basophils"
"W37838","Erythrocyte"
"W37841","Erythrocyte"
"W37842","Monocytes"
"W37843","Basophils"
"W37844","Multipotent progenitors"
"W37847","Erythrocyte"
"W37848","Erythrocyte"
"W37849","Monocytes"
"W37850","Monocytes"
"W37851","Erythrocyte"
"W37852","Erythrocyte"
"W37853","Basophils"
"W37854","GMP"
"W37857","Basophils"
"W37858","Erythrocyte"
"W37859","Erythrocyte"
"W37860","GMP"
"W37861","Neutrophils"
"W37863","Neutrophils"
"W37864","Erythrocyte"
"W37865","Erythrocyte"
"W37866","Neutrophils"
"W37867","Multipotent progenitors"
"W37868","Monocytes"
"W37870","Monocytes"
"W37872","Monocytes"
"W37873","Erythrocyte"
"W37874","Erythrocyte"
"W37875","Erythrocyte"
"W37876","Erythrocyte"
"W37878","Erythrocyte"
"W37880","Monocytes"
"W37881","Erythrocyte"
"W37882","Monocytes"
"W37883","Monocytes"
"W37885","Basophils"
"W37886","Monocytes"
"W37887","Erythrocyte"
"W37888","Erythrocyte"
"W37889","Monocytes"
"W37890","Multipotent progenitors"
"W37891","Erythrocyte"
"W37892","Basophils"
"W37893","Erythrocyte"
"W37894","Monocytes"
"W37895","Monocytes"
"W37896","Erythrocyte"
"W37898","Monocytes"
"W37899","Erythrocyte"
"W37900","Erythrocyte"
"W37901","Erythrocyte"
"W37902","Neutrophils"
"W37903","Multipotent progenitors"
"W37904","Erythrocyte"
"W37906","GMP"
"W37907","Multipotent progenitors"
"W37908","Erythrocyte"
"W37909","Erythrocyte"
"W37910","Basophils"
"W37913","Erythrocyte"
"W37914","Multipotent progenitors"
"W37915","Erythrocyte"
"W37916","GMP"
"W37917","Erythrocyte"
"W37918","Erythrocyte"
"W37919","Erythrocyte"
"W37921","Basophils"
"W37922","Monocytes"
"W37923","Erythrocyte"
"W37924","Erythrocyte"
"W37929","Monocytes"
"W37935","Erythrocyte"
"W37937","Erythrocyte"
"W37938","Erythrocyte"
"W37939","Neutrophils"
"W37940","Erythrocyte"
"W37941","GMP"
"W37942","Monocytes"
"W37943","Basophils"
"W37945","GMP"
"W37946","Monocytes"
"W37948","Monocytes"
"W37951","Megakaryocytes"
"W37952","Erythrocyte"
"W37953","Monocytes"
"W37954","Monocytes"
"W37955","Erythrocyte"
"W37956","Neutrophils"
"W37957","Monocytes"
"W37959","Erythrocyte"
"W37960","Erythrocyte"
"W37961","Megakaryocytes"
"W37962","Monocytes"
"W37963","Monocytes"
"W37964","Erythrocyte"
"W37965","Erythrocyte"
"W37967","Erythrocyte"
"W37969","Erythrocyte"
"W37970","Megakaryocytes"
"W37971","Multipotent progenitors"
"W37972","GMP"
"W37974","Monocytes"
"W37975","Monocytes"
"W37977","Basophils"
"W37978","Erythrocyte"
"W37979","Multipotent progenitors"
"W37980","Erythrocyte"
"W37982","Basophils"
"W37983","Erythrocyte"
"W37984","GMP"
"W37985","Erythrocyte"
"W37986","Erythrocyte"
"W37988","Erythrocyte"
"W37989","Basophils"
"W37990","Monocytes"
"W37991","Erythrocyte"
"W37992","Monocytes"
"W37993","Monocytes"
"W37994","Erythrocyte"
"W37995","Monocytes"
"W37996","Neutrophils"
"W37997","Monocytes"
"W38000","Megakaryocytes"
"W38001","Neutrophils"
"W38002","Neutrophils"
"W38003","Erythrocyte"
"W38004","Megakaryocytes"
"W38005","Erythrocyte"
"W38006","Erythrocyte"
"W38008","Monocytes"
"W38009","Basophils"
"W38010","Erythrocyte"
"W38011","Monocytes"
"W38012","Erythrocyte"
"W38013","Erythrocyte"
"W38014","Neutrophils"
"W38017","Erythrocyte"
"W38018","Monocytes"
"W38019","Multipotent progenitors"
"W38020","Multipotent progenitors"
"W38021","GMP"
"W38022","Monocytes"
"W38023","Erythrocyte"
"W38025","Erythrocyte"
"W38026","Basophils"
"W38027","Monocytes"
"W38030","Neutrophils"
"W38031","Erythrocyte"
"W38032","Erythrocyte"
"W38033","Erythrocyte"
"W38034","Erythrocyte"
"W38035","Multipotent progenitors"
"W38036","Megakaryocytes"
"W38037","Erythrocyte"
"W38039","Neutrophils"
"W38040","Erythrocyte"
"W38041","Monocytes"
"W38042","Erythrocyte"
"W38043","Erythrocyte"
"W38045","Erythrocyte"
"W38046","Monocytes"
"W38047","Monocytes"
"W38048","Erythrocyte"
"W38049","GMP"
"W38050","Erythrocyte"
"W38051","Erythrocyte"
"W38052","Neutrophils"
"W38053","Monocytes"
"W38054","Multipotent progenitors"
"W38055","Erythrocyte"
"W38056","GMP"
"W38057","Erythrocyte"
"W38058","Monocytes"
"W38059","Multipotent progenitors"
"W38060","Erythrocyte"
"W38061","GMP"
"W38062","GMP"
"W38063","Erythrocyte"
"W38064","Multipotent progenitors"
"W38065","Erythrocyte"
"W38066","Erythrocyte"
"W38067","Multipotent progenitors"
"W38068","Basophils"
"W38069","Erythrocyte"
"W38070","Monocytes"
"W38071","Megakaryocytes"
"W38072","GMP"
"W38073","Erythrocyte"
"W38074","Erythrocyte"
"W38075","Erythrocyte"
"W38076","Multipotent progenitors"
"W38077","Erythrocyte"
"W38078","Neutrophils"
"W38079","Erythrocyte"
"W38080","Erythrocyte"
"W38081","Erythrocyte"
"W38082","Erythrocyte"
"W38083","Multipotent progenitors"
"W38084","Erythrocyte"
"W38085","Neutrophils"
"W38086","Erythrocyte"
"W38087","Basophils"
"W38088","GMP"
"W38090","Erythrocyte"
"W38091","Erythrocyte"
"W38092","GMP"
"W38093","Erythrocyte"
"W38094","Monocytes"
"W38095","Monocytes"
"W38096","Multipotent progenitors"
"W38097","Basophils"
"W38098","Monocytes"
"W38100","Monocytes"
"W38101","Monocytes"
"W38102","Erythrocyte"
"W38103","Neutrophils"
"W38104","Multipotent progenitors"
"W38105","Monocytes"
"W38106","GMP"
"W38107","Monocytes"
"W38108","Erythrocyte"
"W38109","Monocytes"
"W38110","Neutrophils"
"W38111","Erythrocyte"
"W38112","GMP"
"W38113","Neutrophils"
"W38114","Monocytes"
"W38115","Monocytes"
"W38116","Erythrocyte"
"W38117","Basophils"
"W38118","Erythrocyte"
"W38119","Erythrocyte"
"W38121","Basophils"
"W38123","Erythrocyte"
"W38124","Erythrocyte"
"W38125","Erythrocyte"
"W38126","Erythrocyte"
"W38127","Erythrocyte"
"W38128","Basophils"
"W38129","Basophils"
"W38130","Monocytes"
"W38131","Neutrophils"
"W38132","Erythrocyte"
"W38133","Erythrocyte"
"W38134","Erythrocyte"
"W38135","Multipotent progenitors"
"W38136","Erythrocyte"
"W38137","Erythrocyte"
"W38138","Erythrocyte"
"W38140","Monocytes"
"W38141","Monocytes"
"W38142","Erythrocyte"
"W38143","Basophils"
"W38144","Erythrocyte"
"W38145","Erythrocyte"
"W38146","Erythrocyte"
"W38147","Erythrocyte"
"W38148","Neutrophils"
"W38149","Multipotent progenitors"
"W38150","Erythrocyte"
"W38151","Erythrocyte"
"W38152","Multipotent progenitors"
"W38153","Erythrocyte"
"W38154","Erythrocyte"
"W38155","Erythrocyte"
"W38156","Erythrocyte"
"W38157","GMP"
"W38158","Erythrocyte"
"W38159","GMP"
"W38161","Neutrophils"
"W38162","Erythrocyte"
"W38163","Erythrocyte"
"W38164","Erythrocyte"
"W38165","Erythrocyte"
"W38166","Erythrocyte"
"W38167","Monocytes"
"W38168","Monocytes"
"W38169","Neutrophils"
"W38170","GMP"
"W38171","Monocytes"
"W38172","Monocytes"
"W38173","Erythrocyte"
"W38175","Erythrocyte"
"W38176","Erythrocyte"
"W38177","Erythrocyte"
"W38180","Neutrophils"
"W38181","Erythrocyte"
"W38182","Basophils"
"W38183","Erythrocyte"
"W38184","Monocytes"
"W38185","Erythrocyte"
"W38186","Erythrocyte"
"W38187","Erythrocyte"
"W38188","Erythrocyte"
"W38189","Neutrophils"
"W38190","Erythrocyte"
"W38191","Basophils"
"W38192","Erythrocyte"
"W38193","Basophils"
"W38194","Monocytes"
"W38195","Monocytes"
"W38196","Monocytes"
"W38197","GMP"
"W38198","Erythrocyte"
"W38199","Basophils"
"W38200","Erythrocyte"
"W38201","Erythrocyte"
"W38202","Erythrocyte"
"W38203","Multipotent progenitors"
"W38204","Erythrocyte"
"W38205","Monocytes"
"W38206","Erythrocyte"
"W38207","Multipotent progenitors"
"W38208","Monocytes"
"W38209","Erythrocyte"
"W38210","Basophils"
"W38211","Erythrocyte"
"W38212","Monocytes"
"W38213","Monocytes"
"W38214","Basophils"
"W38215","Monocytes"
"W38217","Erythrocyte"
"W38218","Monocytes"
"W38219","Erythrocyte"
"W38220","Erythrocyte"
"W38221","Monocytes"
"W38222","Megakaryocytes"
"W38223","Megakaryocytes"
"W38224","Multipotent progenitors"
"W38225","Monocytes"
"W38226","Monocytes"
"W38227","Basophils"
"W38228","Neutrophils"
"W38229","Erythrocyte"
"W38230","Erythrocyte"
"W38231","Erythrocyte"
"W38232","Basophils"
"W38233","Erythrocyte"
"W38234","Erythrocyte"
"W38235","Basophils"
"W38237","GMP"
"W38238","Erythrocyte"
"W38239","Erythrocyte"
"W38240","Multipotent progenitors"
"W38241","Multipotent progenitors"
"W38242","Erythrocyte"
"W38243","Erythrocyte"
"W38244","Neutrophils"
"W38245","Multipotent progenitors"
"W38246","Monocytes"
"W38247","Erythrocyte"
"W38248","Erythrocyte"
"W38249","GMP"
"W38250","Basophils"
"W38251","Erythrocyte"
"W38252","Monocytes"
"W38253","GMP"
"W38254","Erythrocyte"
"W38255","Multipotent progenitors"
"W38256","Erythrocyte"
"W38257","Monocytes"
"W38258","Monocytes"
"W38259","Erythrocyte"
"W38260","Erythrocyte"
"W38261","Erythrocyte"
"W38262","Erythrocyte"
"W38263","Neutrophils"
"W38264","Erythrocyte"
"W38266","Multipotent progenitors"
"W38268","Erythrocyte"
"W38269","Basophils"
"W38270","Erythrocyte"
"W38271","GMP"
"W38272","Erythrocyte"
"W38273","Erythrocyte"
"W38274","Basophils"
"W38275","Erythrocyte"
"W38276","Erythrocyte"
"W38277","Basophils"
"W38278","Monocytes"
"W38279","Monocytes"
"W38280","Basophils"
"W38282","Erythrocyte"
"W38283","Erythrocyte"
"W38284","Neutrophils"
"W38285","Monocytes"
"W38286","Monocytes"
"W38287","Erythrocyte"
"W38288","Erythrocyte"
"W38289","Erythrocyte"
"W38290","GMP"
"W38291","Monocytes"
"W38292","Erythrocyte"
"W38293","Erythrocyte"
"W38294","Monocytes"
"W38295","Basophils"
"W38296","Monocytes"
"W38297","Basophils"
"W38298","Monocytes"
"W38299","Basophils"
"W38300","Neutrophils"
"W38301","Basophils"
"W38302","Erythrocyte"
"W38303","Monocytes"
"W38304","Erythrocyte"
"W38305","Monocytes"
"W38306","Basophils"
"W38307","Monocytes"
"W38308","Erythrocyte"
"W38309","GMP"
"W38310","Basophils"
"W38311","Erythrocyte"
"W38313","Megakaryocytes"
"W38314","Erythrocyte"
"W38315","Monocytes"
"W38316","Monocytes"
"W38318","Neutrophils"
"W38319","Monocytes"
"W38320","GMP"
"W38321","Neutrophils"
"W38322","Basophils"
"W38323","GMP"
"W38324","Monocytes"
"W38326","Monocytes"
"W38327","Monocytes"
"W38328","Multipotent progenitors"
"W38329","Monocytes"
"W38330","Neutrophils"
"W38331","Erythrocyte"
"W38332","Monocytes"
"W38333","Monocytes"
"W38334","Erythrocyte"
"W38335","Erythrocyte"
"W38336","Monocytes"
"W38337","Erythrocyte"
"W38338","Erythrocyte"
"W38339","Erythrocyte"
"W38340","Erythrocyte"
"W38341","Erythrocyte"
"W38342","Monocytes"
"W38343","Erythrocyte"
"W38344","Monocytes"
"W38345","Monocytes"
"W38346","Erythrocyte"
"W38347","Erythrocyte"
"W38348","Basophils"
"W38349","Erythrocyte"
"W38350","Basophils"
"W38351","Erythrocyte"
"W38352","Monocytes"
"W38353","Erythrocyte"
"W38354","GMP"
"W38355","Erythrocyte"
"W38356","Monocytes"
"W38357","Erythrocyte"
"W38358","Monocytes"
"W38359","Erythrocyte"
"W38360","Erythrocyte"
"W38361","Erythrocyte"
"W38362","Erythrocyte"
"W38363","Monocytes"
"W38364","Erythrocyte"
"W38365","Erythrocyte"
"W38366","Erythrocyte"
"W38367","Erythrocyte"
"W38368","GMP"
"W38369","Erythrocyte"
"W38370","Erythrocyte"
"W38372","Multipotent progenitors"
"W38373","Erythrocyte"
"W38374","Multipotent progenitors"
"W38375","Erythrocyte"
"W38376","Multipotent progenitors"
"W38377","GMP"
"W38379","Erythrocyte"
"W38380","Neutrophils"
"W38381","Monocytes"
"W38382","Monocytes"
"W38383","Basophils"
"W38384","Multipotent progenitors"
"W38385","Neutrophils"
"W38386","Erythrocyte"
"W38387","Erythrocyte"
"W38388","Multipotent progenitors"
"W38389","Erythrocyte"
"W38390","Monocytes"
"W38391","Erythrocyte"
"W38392","Erythrocyte"
"W38393","Erythrocyte"
"W38394","Erythrocyte"
"W38395","Erythrocyte"
"W38396","Erythrocyte"
"W38398","Megakaryocytes"
"W38399","Erythrocyte"
"W38400","Erythrocyte"
"W38401","Basophils"
"W38402","Erythrocyte"
"W38403","Basophils"
"W38404","Multipotent progenitors"
"W38405","Erythrocyte"
"W38406","Erythrocyte"
"W38407","Basophils"
"W38409","Erythrocyte"
"W38410","Monocytes"
"W38411","Monocytes"
"W38412","Erythrocyte"
"W38413","GMP"
"W38414","Neutrophils"
"W38415","Erythrocyte"
"W38416","Monocytes"
"W38417","Monocytes"
"W38418","GMP"
"W38419","Erythrocyte"
"W38420","GMP"
"W38421","Monocytes"
"W38422","Erythrocyte"
"W38423","Erythrocyte"
"W38425","Monocytes"
"W38426","Erythrocyte"
"W38427","Monocytes"
"W38428","Monocytes"
"W38429","GMP"
"W38430","Monocytes"
"W38431","Monocytes"
"W38433","Monocytes"
"W38434","Basophils"
"W38435","Neutrophils"
"W38436","Monocytes"
"W38437","Erythrocyte"
"W38438","Monocytes"
"W38439","GMP"
"W38440","Erythrocyte"
"W38441","Monocytes"
"W38443","Erythrocyte"
"W38444","GMP"
"W38445","Neutrophils"
"W38446","Neutrophils"
"W38447","Basophils"
"W38448","Erythrocyte"
"W38449","Erythrocyte"
"W38450","Erythrocyte"
"W38451","Monocytes"
"W38452","Erythrocyte"
"W38453","Monocytes"
"W38454","Erythrocyte"
"W38455","Erythrocyte"
"W38456","GMP"
"W38457","Basophils"
"W38458","Erythrocyte"
"W38459","Erythrocyte"
"W38460","Neutrophils"
"W38461","Basophils"
"W38462","Monocytes"
"W38463","Erythrocyte"
"W38464","Erythrocyte"
"W38465","Erythrocyte"
"W38466","Multipotent progenitors"
"W38467","GMP"
"W38468","Erythrocyte"
"W38469","Erythrocyte"
"W38470","Neutrophils"
"W38471","Basophils"
"W38474","Multipotent progenitors"
"W38475","Basophils"
"W38477","Erythrocyte"
"W38478","Multipotent progenitors"
"W38480","Erythrocyte"
"W38481","Basophils"
"W38482","Erythrocyte"
"W38483","Erythrocyte"
"W38484","Erythrocyte"
"W38485","GMP"
"W38486","Erythrocyte"
"W38488","Erythrocyte"
"W38489","Monocytes"
"W38491","Neutrophils"
"W38492","Erythrocyte"
"W38493","Erythrocyte"
"W38494","Monocytes"
"W38495","Monocytes"
"W38496","GMP"
"W38497","GMP"
"W38498","Monocytes"
"W38500","Erythrocyte"
"W38501","Erythrocyte"
"W38502","Erythrocyte"
"W38503","Erythrocyte"
"W38505","Erythrocyte"
"W38506","Neutrophils"
"W38507","Erythrocyte"
"W38509","Neutrophils"
"W38510","Erythrocyte"
"W38512","Basophils"
"W38515","Erythrocyte"
"W38516","Erythrocyte"
"W38517","Erythrocyte"
"W38519","Monocytes"
"W38521","Erythrocyte"
"W38522","Erythrocyte"
"W38523","Megakaryocytes"
"W38524","Megakaryocytes"
"W38525","Monocytes"
"W38526","Monocytes"
"W38527","Erythrocyte"
"W38528","Erythrocyte"
"W38529","Multipotent progenitors"
"W38530","Neutrophils"
"W38531","Neutrophils"
"W38532","Monocytes"
"W38533","Erythrocyte"
"W38534","Erythrocyte"
"W38535","Neutrophils"
"W38536","Neutrophils"
"W38537","Erythrocyte"
"W38538","Erythrocyte"
"W38539","Monocytes"
"W38540","Neutrophils"
"W38541","Multipotent progenitors"
"W38543","Erythrocyte"
"W38544","Erythrocyte"
"W38545","Erythrocyte"
"W38546","Erythrocyte"
"W38547","Erythrocyte"
"W38548","Erythrocyte"
"W38549","GMP"
"W38550","Basophils"
"W38551","Basophils"
"W38552","Erythrocyte"
"W38553","Erythrocyte"
"W38554","Erythrocyte"
"W38555","Erythrocyte"
"W38556","Monocytes"
"W38558","Erythrocyte"
"W38559","Erythrocyte"
"W38560","Erythrocyte"
"W38561","GMP"
"W38563","Erythrocyte"
"W38564","Monocytes"
"W38565","Neutrophils"
"W38568","Basophils"
"W38569","Erythrocyte"
"W38570","Monocytes"
"W38571","Basophils"
"W38572","Erythrocyte"
"W38573","Erythrocyte"
"W38575","Erythrocyte"
"W38576","GMP"
"W38577","Erythrocyte"
"W38578","Monocytes"
"W38579","Basophils"
"W38580","Monocytes"
"W38581","Neutrophils"
"W38582","Erythrocyte"
"W38583","GMP"
"W38584","Erythrocyte"
"W38585","Neutrophils"
"W38586","Erythrocyte"
"W38587","Monocytes"
"W38588","Monocytes"
"W38589","Basophils"
"W38590","Multipotent progenitors"
"W38591","GMP"
"W38592","Monocytes"
"W38593","Erythrocyte"
"W38594","Monocytes"
"W38595","Erythrocyte"
"W38596","GMP"
"W38597","Erythrocyte"
"W38598","Multipotent progenitors"
"W38599","Erythrocyte"
"W38601","Basophils"
"W38602","Neutrophils"
"W38603","Basophils"
"W38604","Erythrocyte"
"W38605","Monocytes"
"W38606","Multipotent progenitors"
"W38607","Erythrocyte"
"W38608","Erythrocyte"
"W38609","Basophils"
"W38610","GMP"
"W38611","GMP"
"W38612","Basophils"
"W38613","Basophils"
"W38614","Basophils"
"W38615","Erythrocyte"
"W38616","Basophils"
"W38617","Monocytes"
"W38618","Monocytes"
"W38619","GMP"
"W38620","Monocytes"
"W38622","Erythrocyte"
"W38623","Erythrocyte"
"W38624","Megakaryocytes"
"W38625","Basophils"
"W38626","Multipotent progenitors"
"W38627","Monocytes"
"W38628","Monocytes"
"W38629","Erythrocyte"
"W38630","Erythrocyte"
"W38631","Erythrocyte"
"W38632","Basophils"
"W38633","Multipotent progenitors"
"W38634","Neutrophils"
"W38636","Monocytes"
"W38637","Erythrocyte"
"W38638","Neutrophils"
"W38640","GMP"
"W38643","Basophils"
"W38644","GMP"
"W38645","Basophils"
"W38646","Erythrocyte"
"W38647","Neutrophils"
"W38648","Erythrocyte"
"W38649","Monocytes"
"W38650","Erythrocyte"
"W38651","Monocytes"
"W38652","GMP"
"W38653","Monocytes"
"W38654","Neutrophils"
"W38655","GMP"
"W38656","Erythrocyte"
"W38657","Erythrocyte"
"W38659","Monocytes"
"W38660","Erythrocyte"
"W38662","Basophils"
"W38663","GMP"
"W38664","Erythrocyte"
"W38666","Erythrocyte"
"W38668","Erythrocyte"
"W38669","Erythrocyte"
"W38670","Megakaryocytes"
"W38672","Erythrocyte"
"W38673","Neutrophils"
"W38674","Erythrocyte"
"W38675","GMP"
"W38676","Basophils"
"W38677","Neutrophils"
"W38678","Monocytes"
"W38679","Erythrocyte"
"W38680","Erythrocyte"
"W38681","Monocytes"
"W38682","Multipotent progenitors"
"W38683","Monocytes"
"W38684","Erythrocyte"
"W38685","Erythrocyte"
"W38686","Erythrocyte"
"W38687","Erythrocyte"
"W38688","Erythrocyte"
"W38689","Monocytes"
"W38690","Multipotent progenitors"
"W38691","Erythrocyte"
"W38692","Monocytes"
"W38693","Neutrophils"
"W38694","Erythrocyte"
"W38695","Multipotent progenitors"
"W38697","Erythrocyte"
"W38698","Erythrocyte"
"W38699","GMP"
"W38700","Erythrocyte"
"W38701","Basophils"
"W38702","Monocytes"
"W38703","Basophils"
"W38704","Erythrocyte"
"W38705","Erythrocyte"
"W38707","Megakaryocytes"
"W38709","Monocytes"
"W38710","Erythrocyte"
"W38711","GMP"
"W38712","Erythrocyte"
"W38713","Monocytes"
"W38714","Basophils"
"W38715","Erythrocyte"
"W38716","Neutrophils"
"W38717","Erythrocyte"
"W38718","GMP"
"W38719","Monocytes"
"W38720","Erythrocyte"
"W38721","Monocytes"
"W38722","Monocytes"
"W38723","Neutrophils"
"W38724","Monocytes"
"W38726","GMP"
"W38727","Erythrocyte"
"W38728","Basophils"
"W38729","GMP"
"W38730","Monocytes"
"W38732","Erythrocyte"
"W38733","Erythrocyte"
"W38734","Monocytes"
"W38735","Erythrocyte"
"W38736","Erythrocyte"
"W38737","Erythrocyte"
"W38738","Erythrocyte"
"W38739","Monocytes"
"W38740","Erythrocyte"
"W38741","Megakaryocytes"
"W38742","GMP"
"W38744","GMP"
"W38745","Monocytes"
"W38747","GMP"
"W38748","Neutrophils"
"W38750","GMP"
"W38751","GMP"
"W38752","Basophils"
"W38753","Neutrophils"
"W38754","Erythrocyte"
"W38755","Neutrophils"
"W38756","Erythrocyte"
"W38757","Monocytes"
"W38759","Monocytes"
"W38761","Monocytes"
"W38765","Basophils"
"W38767","Erythrocyte"
"W38768","Erythrocyte"
"W38769","Neutrophils"
"W38770","Erythrocyte"
"W38771","Erythrocyte"
"W38772","Monocytes"
"W38773","Erythrocyte"
"W38774","Erythrocyte"
"W38775","Multipotent progenitors"
"W38776","GMP"
"W38777","Erythrocyte"
"W38778","GMP"
"W38779","Multipotent progenitors"
"W38781","Erythrocyte"
"W38782","Monocytes"
"W38783","Erythrocyte"
"W38784","Erythrocyte"
"W38785","Monocytes"
"W38786","Monocytes"
"W38788","Megakaryocytes"
"W38789","Monocytes"
"W38790","Monocytes"
"W38791","Erythrocyte"
"W38793","Monocytes"
"W38794","Basophils"
"W38795","Erythrocyte"
"W38796","Erythrocyte"
"W38797","Basophils"
"W38798","Erythrocyte"
"W38799","GMP"
"W38800","Erythrocyte"
"W38801","Megakaryocytes"
"W38802","Megakaryocytes"
"W38803","Monocytes"
"W38804","Erythrocyte"
"W38805","Basophils"
"W38806","Erythrocyte"
"W38807","Monocytes"
"W38808","Monocytes"
"W38809","GMP"
"W38810","Erythrocyte"
"W38811","GMP"
"W38812","Monocytes"
"W38813","Neutrophils"
"W38814","Erythrocyte"
"W38815","Erythrocyte"
"W38816","Monocytes"
"W38818","Erythrocyte"
"W38819","Neutrophils"
"W38820","Erythrocyte"
"W38821","Erythrocyte"
"W38822","Basophils"
"W38823","Basophils"
"W38825","Basophils"
"W38826","Megakaryocytes"
"W38827","Erythrocyte"
"W38828","Basophils"
"W38829","Basophils"
"W38830","Megakaryocytes"
"W38831","Megakaryocytes"
"W38832","Monocytes"
"W38833","Monocytes"
"W38834","Monocytes"
"W38836","Erythrocyte"
"W38837","Erythrocyte"
"W38838","Monocytes"
"W38839","Multipotent progenitors"
"W38840","Monocytes"
"W38841","Monocytes"
"W38843","Erythrocyte"
"W38845","Basophils"
"W38846","Erythrocyte"
"W38847","Basophils"
"W38848","Erythrocyte"
"W38849","Erythrocyte"
"W38850","Monocytes"
"W38851","GMP"
"W38852","Neutrophils"
"W38853","Monocytes"
"W38854","Erythrocyte"
"W38855","Basophils"
"W38858","Monocytes"
"W38859","Erythrocyte"
"W38860","Erythrocyte"
"W38861","Monocytes"
"W38862","Erythrocyte"
"W38863","Basophils"
"W38864","Erythrocyte"
"W38865","Basophils"
"W38866","GMP"
"W38867","GMP"
"W38868","GMP"
"W38869","Monocytes"
"W38870","Erythrocyte"
"W38871","Erythrocyte"
"W38872","GMP"
"W38873","Multipotent progenitors"
"W38874","Erythrocyte"
"W38875","Monocytes"
"W38876","Erythrocyte"
"W38877","Erythrocyte"
"W38878","Multipotent progenitors"
"W38879","Erythrocyte"
"W38880","Basophils"
"W38881","Basophils"
"W38882","Monocytes"
"W38883","Erythrocyte"
"W38884","Basophils"
"W38886","Erythrocyte"
"W38887","Erythrocyte"
"W38889","Erythrocyte"
"W38890","Monocytes"
"W38891","Multipotent progenitors"
"W38892","Erythrocyte"
"W38893","Monocytes"
"W38894","Erythrocyte"
"W38895","Basophils"
"W38896","Megakaryocytes"
"W38897","GMP"
"W38900","Megakaryocytes"
"W38901","Neutrophils"
"W38902","Basophils"
"W38903","Basophils"
"W38904","Basophils"
"W38905","Erythrocyte"
"W38906","Basophils"
"W38907","Neutrophils"
"W38908","GMP"
"W38909","Monocytes"
"W38910","Multipotent progenitors"
"W38911","Basophils"
"W38912","Basophils"
"W38913","Monocytes"
"W38914","Neutrophils"
"W38915","Erythrocyte"
"W38916","Multipotent progenitors"
"W38917","Basophils"
"W38918","Basophils"
"W38919","Erythrocyte"
"W38920","Erythrocyte"
"W38921","Monocytes"
"W38922","Monocytes"
"W38923","GMP"
"W38924","Monocytes"
"W38925","Erythrocyte"
"W38926","GMP"
"W38927","Monocytes"
"W38928","GMP"
"W38929","Basophils"
"W38930","GMP"
"W38931","GMP"
"W38932","Erythrocyte"
"W38933","Erythrocyte"
"W38934","Multipotent progenitors"
"W38935","Basophils"
"W38937","Erythrocyte"
"W38938","Multipotent progenitors"
"W38939","GMP"
"W38940","Multipotent progenitors"
"W38941","GMP"
"W38942","Erythrocyte"
"W38943","Erythrocyte"
"W38944","GMP"
"W38945","Erythrocyte"
"W38947","Megakaryocytes"
"W38948","Erythrocyte"
"W38949","Monocytes"
"W38950","Neutrophils"
"W38951","Monocytes"
"W38952","GMP"
"W38953","GMP"
"W38954","Basophils"
"W38955","Multipotent progenitors"
"W38956","Monocytes"
"W38957","GMP"
"W38958","Monocytes"
"W38959","Monocytes"
"W38960","Monocytes"
"W38961","Erythrocyte"
"W38962","Basophils"
"W38963","GMP"
"W38964","Multipotent progenitors"
"W38965","Monocytes"
"W38966","Erythrocyte"
"W38967","Erythrocyte"
"W38968","Megakaryocytes"
"W38969","Multipotent progenitors"
"W38970","Erythrocyte"
"W38971","Multipotent progenitors"
"W38972","Basophils"
"W38973","Multipotent progenitors"
"W38974","Erythrocyte"
"W38975","Megakaryocytes"
"W38976","Erythrocyte"
"W38977","Erythrocyte"
"W38978","Erythrocyte"
"W38979","Monocytes"
"W38980","Monocytes"
"W38981","Basophils"
"W38982","Erythrocyte"
"W38983","Erythrocyte"
"W38985","Erythrocyte"
"W38987","Basophils"
"W38989","Erythrocyte"
"W38990","Erythrocyte"
"W38991","Megakaryocytes"
"W38992","Erythrocyte"
"W38993","Monocytes"
"W38994","Erythrocyte"
"W38996","Erythrocyte"
"W38997","Erythrocyte"
"W38998","GMP"
"W38999","Megakaryocytes"
"W39000","Monocytes"
"W39001","Basophils"
"W39002","GMP"
"W39003","Monocytes"
"W39004","Monocytes"
"W39005","Erythrocyte"
"W39006","Basophils"
"W39007","Monocytes"
"W39008","GMP"
"W39009","Erythrocyte"
"W39010","Erythrocyte"
"W39011","Neutrophils"
"W39012","Neutrophils"
"W39013","Basophils"
"W39015","Erythrocyte"
"W39017","Basophils"
"W39018","GMP"
"W39019","Basophils"
"W39020","Basophils"
"W39021","Erythrocyte"
"W39022","Erythrocyte"
"W39023","Monocytes"
"W39024","Monocytes"
"W39025","Monocytes"
"W39026","Basophils"
"W39027","Monocytes"
"W39028","Erythrocyte"
"W39029","Basophils"
"W39030","Neutrophils"
"W39031","Erythrocyte"
"W39032","Erythrocyte"
"W39033","Multipotent progenitors"
"W39034","GMP"
"W39035","GMP"
"W39036","Erythrocyte"
"W39037","Monocytes"
"W39038","Monocytes"
"W39039","Erythrocyte"
"W39040","Erythrocyte"
"W39041","Megakaryocytes"
"W39042","Erythrocyte"
"W39043","Basophils"
"W39044","Basophils"
"W39045","Erythrocyte"
"W39047","GMP"
"W39048","GMP"
"W39050","GMP"
"W39051","Erythrocyte"
"W39053","Neutrophils"
"W39054","Monocytes"
"W39055","Erythrocyte"
"W39056","GMP"
"W39057","Erythrocyte"
"W39058","Erythrocyte"
"W39059","GMP"
"W39060","Monocytes"
"W39061","Neutrophils"
"W39062","Erythrocyte"
"W39064","GMP"
"W39065","Monocytes"
"W39066","Basophils"
"W39067","Erythrocyte"
"W39068","Multipotent progenitors"
"W39069","Erythrocyte"
"W39070","Multipotent progenitors"
"W39071","Erythrocyte"
"W39073","Basophils"
"W39074","Basophils"
"W39075","Basophils"
"W39076","Erythrocyte"
"W39077","Erythrocyte"
"W39078","Monocytes"
"W39079","Megakaryocytes"
"W39081","Multipotent progenitors"
"W39082","Multipotent progenitors"
"W39083","Basophils"
"W39084","Basophils"
"W39085","Erythrocyte"
"W39087","Erythrocyte"
"W39088","Monocytes"
"W39089","Basophils"
"W39090","Monocytes"
"W39091","GMP"
"W39092","Basophils"
"W39093","Multipotent progenitors"
"W39094","Monocytes"
"W39095","Megakaryocytes"
"W39096","GMP"
"W39097","Erythrocyte"
"W39098","Neutrophils"
"W39099","Erythrocyte"
"W39100","Monocytes"
"W39101","Monocytes"
"W39103","Monocytes"
"W39104","Erythrocyte"
"W39105","Erythrocyte"
"W39106","GMP"
"W39107","Erythrocyte"
"W39109","Basophils"
"W39110","Erythrocyte"
"W39111","Basophils"
"W39112","Erythrocyte"
"W39113","Basophils"
"W39114","Basophils"
"W39115","Neutrophils"
"W39116","GMP"
"W39117","Neutrophils"
"W39118","Basophils"
"W39119","Erythrocyte"
"W39120","Erythrocyte"
"W39121","GMP"
"W39122","Neutrophils"
"W39123","Megakaryocytes"
"W39125","Basophils"
"W39126","GMP"
"W39127","Erythrocyte"
"W39128","Monocytes"
"W39129","Basophils"
"W39130","GMP"
"W39131","Monocytes"
"W39134","Basophils"
"W39135","Monocytes"
"W39137","Monocytes"
"W39138","Monocytes"
"W39139","GMP"
"W39140","Monocytes"
"W39141","Neutrophils"
"W39142","Erythrocyte"
"W39143","Erythrocyte"
"W39144","Basophils"
"W39145","Erythrocyte"
"W39146","Multipotent progenitors"
"W39148","Erythrocyte"
"W39149","Basophils"
"W39150","Erythrocyte"
"W39152","Multipotent progenitors"
"W39153","Basophils"
"W39154","Erythrocyte"
"W39155","Monocytes"
"W39156","Basophils"
"W39157","Megakaryocytes"
"W39158","Basophils"
"W39159","Multipotent progenitors"
"W39160","GMP"
"W39161","GMP"
"W39162","Monocytes"
"W39163","Neutrophils"
"W39164","Erythrocyte"
"W39165","Basophils"
"W39166","Multipotent progenitors"
"W39167","Monocytes"
"W39168","Erythrocyte"
